{"errors":[],"warnings":[],"namedChunkGroups":{"app":{"chunks":[10,3],"assets":["webpack-runtime-de1a5aacc79a0d538273.js","webpack-runtime-de1a5aacc79a0d538273.js.map","app-c2125fb895f5854dbddb.js","app-c2125fb895f5854dbddb.js.map"],"children":{},"childAssets":{}},"component---node-modules-gatsby-plugin-offline-app-shell-js":{"chunks":[4],"assets":["component---node-modules-gatsby-plugin-offline-app-shell-js-6088e82717ab0371c148.js","component---node-modules-gatsby-plugin-offline-app-shell-js-6088e82717ab0371c148.js.map"],"children":{},"childAssets":{}},"component---src-templates-index-jsx":{"chunks":[0,2,1,5],"assets":["0.3094971e0ec633215259.css","0-3bd1af17aefa54914b5c.js","0-3bd1af17aefa54914b5c.js.map","2-4007a7e5699b2cf29d03.js","2-4007a7e5699b2cf29d03.js.map","1.b4185e14bb4dbb481bbd.css","1-84e2487202c468ef09c4.js","1-84e2487202c468ef09c4.js.map","component---src-templates-index-jsx.911fb793167b5eede222.css","component---src-templates-index-jsx-5c7c1290a2e2461ca912.js","component---src-templates-index-jsx-5c7c1290a2e2461ca912.js.map"],"children":{},"childAssets":{}},"component---src-pages-index-jsx":{"chunks":[0,2,1,6],"assets":["0.3094971e0ec633215259.css","0-3bd1af17aefa54914b5c.js","0-3bd1af17aefa54914b5c.js.map","2-4007a7e5699b2cf29d03.js","2-4007a7e5699b2cf29d03.js.map","1.b4185e14bb4dbb481bbd.css","1-84e2487202c468ef09c4.js","1-84e2487202c468ef09c4.js.map","component---src-pages-index-jsx.0f8909fe84e3230b0b82.css","component---src-pages-index-jsx-b1ebe691df65a522e289.js","component---src-pages-index-jsx-b1ebe691df65a522e289.js.map"],"children":{},"childAssets":{}},"component---src-pages-profile-jsx":{"chunks":[0,9,1,7],"assets":["0.3094971e0ec633215259.css","0-3bd1af17aefa54914b5c.js","0-3bd1af17aefa54914b5c.js.map","9-f805081742366075e7c0.js","9-f805081742366075e7c0.js.map","1.b4185e14bb4dbb481bbd.css","1-84e2487202c468ef09c4.js","1-84e2487202c468ef09c4.js.map","component---src-pages-profile-jsx.63f9775ee2699c320dfa.css","component---src-pages-profile-jsx-55e269d4dfc0af177800.js","component---src-pages-profile-jsx-55e269d4dfc0af177800.js.map"],"children":{},"childAssets":{}}},"assetsByChunkName":{"app":["webpack-runtime-de1a5aacc79a0d538273.js","app-c2125fb895f5854dbddb.js"],"component---node-modules-gatsby-plugin-offline-app-shell-js":["component---node-modules-gatsby-plugin-offline-app-shell-js-6088e82717ab0371c148.js"],"component---src-templates-index-jsx":["0.3094971e0ec633215259.css","0-3bd1af17aefa54914b5c.js","2-4007a7e5699b2cf29d03.js","1.b4185e14bb4dbb481bbd.css","1-84e2487202c468ef09c4.js","component---src-templates-index-jsx.911fb793167b5eede222.css","component---src-templates-index-jsx-5c7c1290a2e2461ca912.js"],"component---src-pages-index-jsx":["0.3094971e0ec633215259.css","0-3bd1af17aefa54914b5c.js","2-4007a7e5699b2cf29d03.js","1.b4185e14bb4dbb481bbd.css","1-84e2487202c468ef09c4.js","component---src-pages-index-jsx.0f8909fe84e3230b0b82.css","component---src-pages-index-jsx-b1ebe691df65a522e289.js"],"component---src-pages-profile-jsx":["0.3094971e0ec633215259.css","0-3bd1af17aefa54914b5c.js","9-f805081742366075e7c0.js","1.b4185e14bb4dbb481bbd.css","1-84e2487202c468ef09c4.js","component---src-pages-profile-jsx.63f9775ee2699c320dfa.css","component---src-pages-profile-jsx-55e269d4dfc0af177800.js"]}}